{"is_source_file": true, "format": "Python", "description": "This file implements an interactive SQLite database shell, allowing users to execute SQL commands and view database schema information through command-line interactions.", "external_files": ["sqlite3"], "external_methods": ["sqlite3.connect", "sqlite3.Error"], "published": [], "classes": [], "methods": [{"name": "print_help()", "description": "Prints help information about commands available in the shell.", "scope": "", "scopeKind": ""}, {"name": "list_tables(cursor)", "description": "Lists all tables in the connected SQLite database.", "scope": "", "scopeKind": ""}, {"name": "show_schema(cursor, table_name=None)", "description": "Shows the CREATE statement for a specific table or all tables if no name is provided.", "scope": "", "scopeKind": ""}, {"name": "describe_table(cursor, table_name)", "description": "Displays the structure of a specified table using PRAGMA table_info.", "scope": "", "scopeKind": ""}, {"name": "execute_query(cursor, query)", "description": "Executes a given SQL query and displays results or affected row count.", "scope": "", "scopeKind": ""}, {"name": "main()", "description": "Main interactive shell loop managing user input and database interactions.", "scope": "", "scopeKind": ""}], "calls": ["print_help()", "list_tables(cursor)", "show_schema(cursor, table_name)", "describe_table(cursor, cmd_parts[1])", "execute_query(cursor, query)", "conn.commit()", "sys.exit(1)"], "search-terms": ["sqlite shell", "interactive database shell", "db_shell.py", "SQLite commands", "PRAGMA table_info", "show schema", "list tables", "database interaction"], "state": 2, "file_id": 8, "knowledge_revision": 18, "git_revision": "046e7ae4e7073105be0b85927cf8c347c4243d33", "ctags": [{"_type": "tag", "name": "DB_NAME", "path": "/home/kavia/workspace/code-generation/simple-to-do-list-311518-311529/database/db_shell.py", "pattern": "/^DB_NAME = \"myapp.db\"$/", "language": "Python", "kind": "variable"}, {"_type": "tag", "name": "describe_table", "path": "/home/kavia/workspace/code-generation/simple-to-do-list-311518-311529/database/db_shell.py", "pattern": "/^def describe_table(cursor, table_name):$/", "language": "Python", "kind": "function", "signature": "(cursor, table_name)"}, {"_type": "tag", "name": "execute_query", "path": "/home/kavia/workspace/code-generation/simple-to-do-list-311518-311529/database/db_shell.py", "pattern": "/^def execute_query(cursor, query):$/", "language": "Python", "kind": "function", "signature": "(cursor, query)"}, {"_type": "tag", "name": "list_tables", "path": "/home/kavia/workspace/code-generation/simple-to-do-list-311518-311529/database/db_shell.py", "pattern": "/^def list_tables(cursor):$/", "language": "Python", "kind": "function", "signature": "(cursor)"}, {"_type": "tag", "name": "main", "path": "/home/kavia/workspace/code-generation/simple-to-do-list-311518-311529/database/db_shell.py", "pattern": "/^def main():$/", "language": "Python", "kind": "function", "signature": "()"}, {"_type": "tag", "name": "print_help", "path": "/home/kavia/workspace/code-generation/simple-to-do-list-311518-311529/database/db_shell.py", "pattern": "/^def print_help():$/", "language": "Python", "kind": "function", "signature": "()"}, {"_type": "tag", "name": "show_schema", "path": "/home/kavia/workspace/code-generation/simple-to-do-list-311518-311529/database/db_shell.py", "pattern": "/^def show_schema(cursor, table_name=None):$/", "language": "Python", "kind": "function", "signature": "(cursor, table_name=None)"}], "hash": "7a5a132ab2db661e22c5eb4827332833", "format-version": 4, "code-base-name": "database", "filename": "database/db_shell.py", "fields": [{"name": "DB_NAME = \"myapp.db\"", "scope": "", "scopeKind": "", "description": "unavailable"}], "revision_history": [{"18": "046e7ae4e7073105be0b85927cf8c347c4243d33"}]}