{"is_source_file": true, "format": "bash", "description": "A shell script that detects available database backup files (SQLite, PostgreSQL, MySQL, MongoDB) and restores from them accordingly, handling various database systems and connection methods.", "external_files": ["database_backup.db", "database_backup.sql", "database_backup.archive"], "external_methods": ["pg_isready", "psql", "mysqladmin", "mysql", "mongosh", "mongorestore"], "published": [], "classes": [], "methods": [], "calls": ["/usr/lib/postgresql/${PG_VERSION}/bin/pg_isready", "/usr/lib/postgresql/${PG_VERSION}/bin/psql", "mysqladmin", "mysql", "mongosh", "mongorestore"], "search-terms": ["restore_db.sh", "database restore script", "backup detection", "SQLite restore", "PostgreSQL restore", "MySQL restore", "MongoDB restore", "database backup files"], "state": 2, "file_id": 3, "knowledge_revision": 13, "git_revision": "046e7ae4e7073105be0b85927cf8c347c4243d33", "hash": "d42c3e6cbc3bbd627e3c08afcf4183ec", "format-version": 4, "code-base-name": "database", "filename": "database/restore_db.sh", "revision_history": [{"13": "046e7ae4e7073105be0b85927cf8c347c4243d33"}]}