{"is_source_file": true, "format": "HTML", "description": "This file is an HTML webpage implementing a database viewer UI with embedded JavaScript code for dynamic data fetching, table rendering, and user interactions.", "external_files": [], "external_methods": [], "published": [], "classes": [], "methods": [{"name": "loadDatabases", "description": "Fetches list of databases and populates the sidebar."}, {"name": "refreshDatabases", "description": "Refreshes the database list by reloading it from the API."}, {"name": "toggleDatabase", "description": "Handles expanding/collapsing a database to show its tables."}, {"name": "loadTables", "description": "Loads tables for a selected database."}, {"name": "loadTableData", "description": "Fetches data for a selected table and renders it."}, {"name": "renderTable", "description": "Generates HTML for displaying table data."}, {"name": "renderCell", "description": "Renders individual cell content, handling object and long string expansion."}, {"name": "expandCell", "description": "Expands or collapses cell content for long strings or objects."}], "calls": ["fetch", "setActiveState", "showLoading", "showError", "showEmptyState", "renderTable", "expandCell"], "search-terms": ["index.html", "Database Viewer UI", "embedded JavaScript", "fetch data", "render table", "expand cells", "API /api"], "state": 2, "file_id": 7, "knowledge_revision": 14, "git_revision": "046e7ae4e7073105be0b85927cf8c347c4243d33", "hash": "ee63333a4841bf025439c755a74c9881", "format-version": 4, "code-base-name": "database", "filename": "database/db_visualizer/public/index.html", "revision_history": [{"14": "046e7ae4e7073105be0b85927cf8c347c4243d33"}]}