{"is_source_file": true, "format": "bash", "description": "A shell script for automating database backups, supporting SQLite, PostgreSQL, MySQL, and MongoDB. The script detects the active database and performs backups accordingly.", "external_files": ["/usr/lib/postgresql/", "/var/lib/postgresql/", "/var/run/mysqld/mysqld.sock"], "external_methods": ["ls", "cp", "sudo -u postgres pg_isready", "sudo -u postgres pg_dump", "mysqladmin", "mysql", "mysqldump", "mongosh", "mongodump"], "published": [], "classes": [], "methods": [], "calls": ["ls", "cp", "sudo -u postgres pg_isready", "sudo -u postgres pg_dump", "mysqladmin ping", "mysqladmin ping", "mysql -h localhost -P ${DB_PORT} -u ${DB_USER} -p${DB_PASSWORD}", "mysqldump", "mysql -h localhost -P ${DB_PORT} -u root -p${DB_PASSWORD}", "mysql --socket=/var/run/mysqld/mysqld.sock -u root -p${DB_PASSWORD}", "sudo mysql --socket=/var/run/mysqld/mysqld.sock -u root -p${DB_PASSWORD}", "sudo mysql --socket=/var/run/mysqld/mysqld.sock -u root", "mongosh --port ${DB_PORT} --eval \"db.adminCommand('ping')\"", "mongodump --port ${DB_PORT} --db ${DB_NAME} --archive=database_backup.archive --quiet"], "search-terms": ["backup_db.sh", "database backup shell script", "SQLite backup", "PostgreSQL backup", "MySQL backup", "MongoDB backup", "detect running database", "multi-database backup", "shell backup script"], "state": 2, "file_id": 9, "knowledge_revision": 17, "git_revision": "046e7ae4e7073105be0b85927cf8c347c4243d33", "hash": "d7da372b768c895a33088027314656c3", "format-version": 4, "code-base-name": "database", "filename": "database/backup_db.sh", "revision_history": [{"17": "046e7ae4e7073105be0b85927cf8c347c4243d33"}]}