{"is_source_file": true, "format": "Python", "description": "This script initializes and manages an SQLite database for a to-do list application, including schema creation, data integrity checks, and setup guidance.", "external_files": ["os", "sqlite3", "datetime"], "external_methods": ["os.path.exists", "os.getcwd", "os.makedirs", "sqlite3.connect", "sqlite3.Connection.execute", "sqlite3.Cursor.execute", "datetime.now", "datetime.replace", "datetime.isoformat"], "published": ["ensure_schema"], "classes": [], "methods": [{"name": "str utc_now_iso8601()", "description": "Returns the current UTC time formatted as an ISO 8601 string with 'Z' suffix.", "scope": "", "scopeKind": ""}, {"name": "str tasks_table_ddl()", "description": "Returns the Data Definition Language (DDL) SQL statement for creating the 'tasks' table.", "scope": "", "scopeKind": ""}, {"name": "None ensure_schema(conn: sqlite3.Connection)", "description": "Ensures that essential database tables exist, creating them if necessary, in an idempotent manner.", "scope": "", "scopeKind": ""}, {"name": "None main()", "description": "Main procedure to initialize the database, set up schema, insert metadata, and save connection info.", "scope": "", "scopeKind": ""}], "calls": ["sqlite3.connect", "conn.execute", "conn.cursor", "cursor.execute", "conn.commit", "conn.close", "os.path.exists", "os.makedirs", "open", "subprocess.run"], "search-terms": ["init_db", "SQLite database setup", "tasks table schema", "idempotent schema creation", "database connection Info", "schema ensure functions"], "state": 2, "file_id": 4, "knowledge_revision": 20, "git_revision": "b280d594012f135732a139471d9255fbb43569db", "revision_history": [{"16": "046e7ae4e7073105be0b85927cf8c347c4243d33"}, {"20": "b280d594012f135732a139471d9255fbb43569db"}], "ctags": [{"_type": "tag", "name": "DB_NAME", "path": "/home/kavia/workspace/code-generation/simple-to-do-list-311518-311529/database/init_db.py", "pattern": "/^DB_NAME = \"myapp.db\"$/", "language": "Python", "kind": "variable"}, {"_type": "tag", "name": "DB_PASSWORD", "path": "/home/kavia/workspace/code-generation/simple-to-do-list-311518-311529/database/init_db.py", "pattern": "/^DB_PASSWORD = \"kaviadefaultpassword\"  # Not used for SQLite, but kept for consistency$/", "language": "Python", "kind": "variable"}, {"_type": "tag", "name": "DB_PORT", "path": "/home/kavia/workspace/code-generation/simple-to-do-list-311518-311529/database/init_db.py", "pattern": "/^DB_PORT = \"5000\"  # Not used for SQLite, but kept for consistency$/", "language": "Python", "kind": "variable"}, {"_type": "tag", "name": "DB_USER", "path": "/home/kavia/workspace/code-generation/simple-to-do-list-311518-311529/database/init_db.py", "pattern": "/^DB_USER = \"kaviasqlite\"  # Not used for SQLite, but kept for consistency$/", "language": "Python", "kind": "variable"}, {"_type": "tag", "name": "ensure_schema", "path": "/home/kavia/workspace/code-generation/simple-to-do-list-311518-311529/database/init_db.py", "pattern": "/^def ensure_schema(conn: sqlite3.Connection) -> None:$/", "language": "Python", "typeref": "typename:None", "kind": "function", "signature": "(conn: sqlite3.Connection)"}, {"_type": "tag", "name": "main", "path": "/home/kavia/workspace/code-generation/simple-to-do-list-311518-311529/database/init_db.py", "pattern": "/^def main() -> None:$/", "language": "Python", "typeref": "typename:None", "kind": "function", "signature": "()"}, {"_type": "tag", "name": "tasks_table_ddl", "path": "/home/kavia/workspace/code-generation/simple-to-do-list-311518-311529/database/init_db.py", "pattern": "/^def tasks_table_ddl() -> str:$/", "language": "Python", "typeref": "typename:str", "kind": "function", "signature": "()"}, {"_type": "tag", "name": "utc_now_iso8601", "path": "/home/kavia/workspace/code-generation/simple-to-do-list-311518-311529/database/init_db.py", "pattern": "/^def utc_now_iso8601() -> str:$/", "language": "Python", "typeref": "typename:str", "kind": "function", "signature": "()"}], "hash": "8a3e41995ffeae1e1040e4ef7bdd8aec", "format-version": 4, "code-base-name": "database", "filename": "database/init_db.py", "fields": [{"name": "DB_NAME = \"myapp.db\"", "scope": "", "scopeKind": "", "description": "unavailable"}, {"name": "DB_PASSWORD = \"kaviadefaultpassword\"  # Not used for SQLite, but kept for consistency", "scope": "", "scopeKind": "", "description": "unavailable"}, {"name": "DB_PORT = \"5000\"  # Not used for SQLite, but kept for consistency", "scope": "", "scopeKind": "", "description": "unavailable"}, {"name": "DB_USER = \"kaviasqlite\"  # Not used for SQLite, but kept for consistency", "scope": "", "scopeKind": "", "description": "unavailable"}]}